shelter_id,shelter_name,shelter_type,gmina_code,capacity,has_kitchen,has_medical_room,accessible_disabled,lat,lon
SH0001,punkt_przyjecia_0001,osrodek,0224004,489,1,0,0,51.33022,16.85885
SH0002,punkt_przyjecia_0002,szkola,0402005,241,1,0,1,53.23294,16.82889
SH0003,punkt_przyjecia_0003,hala,0230006,463,1,0,1,50.53347,16.37564
SH0004,punkt_przyjecia_0004,internat,0228004,565,1,1,1,51.37815,16.70974
SH0005,punkt_przyjecia_0005,osrodek,0214004,629,1,0,1,51.86077,18.38449
SH0006,punkt_przyjecia_0006,hala,0207003,93,1,0,0,51.20233,16.52896
SH0007,punkt_przyjecia_0007,osrodek,0408005,203,1,0,0,53.31136,17.6694
SH0008,punkt_przyjecia_0008,szkola,0205001,467,1,0,0,51.09713,17.29935
SH0009,punkt_przyjecia_0009,szkola,0216001,260,0,1,1,51.20352,17.01248
SH0010,punkt_przyjecia_0010,osrodek,0215003,275,1,1,1,50.93711,17.27291
SH0011,punkt_przyjecia_0011,osrodek,0225002,633,1,0,1,51.97751,18.16112
SH0012,punkt_przyjecia_0012,szkola,0402004,400,1,1,0,53.31596,16.82424
SH0013,punkt_przyjecia_0013,internat,0229004,169,0,0,1,50.76967,16.1609
SH0014,punkt_przyjecia_0014,szkola,0222004,605,0,0,1,51.13062,17.57254
SH0015,punkt_przyjecia_0015,internat,0409002,576,1,0,0,53.26742,18.0402
SH0016,punkt_przyjecia_0016,osrodek,0204001,463,1,0,0,51.579,16.23674
SH0017,punkt_przyjecia_0017,osrodek,0403003,555,0,1,1,53.05999,18.62954
SH0018,punkt_przyjecia_0018,hala,0224001,472,1,1,1,51.35672,16.58004
SH0019,punkt_przyjecia_0019,szkola,0228006,135,1,1,0,51.34302,16.72138
SH0020,punkt_przyjecia_0020,hala,0202005,559,1,0,1,50.91416,17.88816
SH0021,punkt_przyjecia_0021,osrodek,0401003,109,1,0,0,52.34684,18.87405
SH0022,punkt_przyjecia_0022,hala,0204001,111,1,0,0,51.58302,16.23129
SH0023,punkt_przyjecia_0023,szkola,0404006,95,1,1,0,53.25102,17.22286
SH0024,punkt_przyjecia_0024,osrodek,0216001,522,1,0,1,51.18921,17.00726
SH0025,punkt_przyjecia_0025,osrodek,0218008,446,1,1,1,51.59683,17.48606
SH0026,punkt_przyjecia_0026,osrodek,0207005,283,1,0,1,51.29228,16.76373
SH0027,punkt_przyjecia_0027,hala,0215002,425,1,1,1,50.90914,17.16955
SH0028,punkt_przyjecia_0028,osrodek,0227005,378,1,0,1,51.61275,16.91076
SH0029,punkt_przyjecia_0029,szkola,0228005,90,1,1,0,51.61568,16.58478
SH0030,punkt_przyjecia_0030,hala,0225003,189,1,0,1,51.9293,18.04779
SH0031,punkt_przyjecia_0031,hala,0222003,62,1,0,0,51.24826,17.37957
SH0032,punkt_przyjecia_0032,internat,0207005,111,0,0,1,51.32213,16.71968
SH0033,punkt_przyjecia_0033,osrodek,0216001,427,0,1,1,51.21782,17.02301
SH0034,punkt_przyjecia_0034,hala,0407001,631,1,1,0,52.75367,16.92146
SH0035,punkt_przyjecia_0035,osrodek,0228001,446,1,0,0,51.57357,16.50108
SH0036,punkt_przyjecia_0036,szkola,0403006,228,1,1,0,52.84295,18.76051
SH0037,punkt_przyjecia_0037,szkola,0210005,213,1,0,0,52.20795,16.61077
SH0038,punkt_przyjecia_0038,osrodek,0402004,349,0,1,1,53.26912,16.91128
SH0039,punkt_przyjecia_0039,osrodek,0216006,369,1,0,1,51.32596,16.99718
SH0040,punkt_przyjecia_0040,hala,0203004,295,1,0,1,51.3969,17.52826
SH0041,punkt_przyjecia_0041,osrodek,0406005,633,1,1,1,53.23593,19.23508
SH0042,punkt_przyjecia_0042,internat,0210001,369,0,0,1,52.09778,16.65703
SH0043,punkt_przyjecia_0043,internat,0216005,92,1,1,0,51.27094,17.34466
SH0044,punkt_przyjecia_0044,osrodek,0206005,72,1,1,1,50.22266,16.385
SH0045,punkt_przyjecia_0045,hala,0206004,474,1,1,1,50.37905,16.26819
SH0046,punkt_przyjecia_0046,osrodek,0230002,362,1,0,1,50.59039,16.48576
SH0047,punkt_przyjecia_0047,internat,0230003,510,1,0,0,50.81501,16.32564
SH0048,punkt_przyjecia_0048,internat,0406001,589,1,1,1,53.34226,19.2992
SH0049,punkt_przyjecia_0049,hala,0215004,490,0,0,1,51.07749,17.33602
SH0050,punkt_przyjecia_0050,internat,0206004,614,1,0,1,50.34876,16.26008
SH0051,punkt_przyjecia_0051,szkola,0204004,109,1,0,1,51.31699,15.91533
SH0052,punkt_przyjecia_0052,szkola,0404005,351,1,1,1,53.301,17.34774
SH0053,punkt_przyjecia_0053,hala,0207003,468,1,1,1,51.15416,16.53849
SH0054,punkt_przyjecia_0054,internat,0401008,117,0,0,1,52.46255,18.87102
SH0055,punkt_przyjecia_0055,szkola,0224006,441,0,0,0,51.49708,16.74482
SH0056,punkt_przyjecia_0056,internat,0216002,176,0,0,1,51.42909,16.64941
SH0057,punkt_przyjecia_0057,internat,0224006,374,0,1,1,51.47052,16.72536
SH0058,punkt_przyjecia_0058,osrodek,0222002,243,1,0,1,51.1859,17.56742
SH0059,punkt_przyjecia_0059,szkola,0409001,105,1,0,1,53.18095,18.43193
SH0060,punkt_przyjecia_0060,szkola,0227008,575,0,1,0,51.39304,16.90051
SH0061,punkt_przyjecia_0061,osrodek,0227008,644,1,0,0,51.3809,16.86464
SH0062,punkt_przyjecia_0062,osrodek,0401002,193,0,0,1,52.33669,18.68834
SH0063,punkt_przyjecia_0063,osrodek,0205003,472,0,0,1,51.16095,17.37567
SH0064,punkt_przyjecia_0064,hala,0218003,496,1,0,1,51.76643,17.54527
SH0065,punkt_przyjecia_0065,szkola,0218008,613,1,1,0,51.60054,17.47645
SH0066,punkt_przyjecia_0066,osrodek,0408004,303,1,1,1,53.10738,17.20814
SH0067,punkt_przyjecia_0067,hala,0409001,307,1,1,0,53.1756,18.45116
SH0068,punkt_przyjecia_0068,szkola,0221001,108,1,0,0,50.99344,17.48578
SH0069,punkt_przyjecia_0069,osrodek,0404007,86,0,1,1,53.0813,17.26494
SH0070,punkt_przyjecia_0070,hala,0403006,141,0,0,1,52.83529,18.75839
SH0071,punkt_przyjecia_0071,osrodek,0207003,547,1,1,1,51.15688,16.568
SH0072,punkt_przyjecia_0072,hala,0401001,214,1,1,0,52.50799,18.80457
SH0073,punkt_przyjecia_0073,szkola,0222005,263,1,1,1,51.0311,17.20829
SH0074,punkt_przyjecia_0074,osrodek,0225001,552,1,1,1,51.92888,18.34882
SH0075,punkt_przyjecia_0075,szkola,0220003,629,1,1,1,51.53434,16.65899
SH0076,punkt_przyjecia_0076,osrodek,0205003,627,1,0,1,51.10268,17.42921
SH0077,punkt_przyjecia_0077,osrodek,0405002,505,1,1,1,53.19081,18.63743
SH0078,punkt_przyjecia_0078,szkola,0211001,430,1,0,1,51.59374,17.09422
SH0079,punkt_przyjecia_0079,szkola,0211001,605,0,0,1,51.60044,17.05402
SH0080,punkt_przyjecia_0080,internat,0204002,594,1,0,1,51.62278,16.0241
SH0081,punkt_przyjecia_0081,szkola,0402006,237,1,1,1,53.13962,16.85974
SH0082,punkt_przyjecia_0082,hala,0230006,106,1,1,1,50.54962,16.35731
SH0083,punkt_przyjecia_0083,internat,0206001,97,1,0,1,50.3888,16.24465
SH0084,punkt_przyjecia_0084,hala,0408002,535,0,1,1,53.52071,17.35201
SH0085,punkt_przyjecia_0085,internat,0211007,471,1,1,1,51.79045,17.27083
SH0086,punkt_przyjecia_0086,hala,0408006,249,1,0,0,53.52174,17.20034
SH0087,punkt_przyjecia_0087,hala,0407002,366,1,1,0,52.76702,16.58651
SH0088,punkt_przyjecia_0088,osrodek,0228008,354,0,0,0,51.52726,16.29358
SH0089,punkt_przyjecia_0089,osrodek,0216006,290,1,0,1,51.31398,17.03183
SH0090,punkt_przyjecia_0090,internat,0218004,86,1,1,1,51.44843,17.4609
SH0091,punkt_przyjecia_0091,hala,0205005,109,0,1,1,51.13614,17.3103
SH0092,punkt_przyjecia_0092,szkola,0210004,249,1,0,1,51.85697,16.42337
SH0093,punkt_przyjecia_0093,szkola,0214003,635,1,0,1,51.9141,18.56366
SH0094,punkt_przyjecia_0094,hala,0224004,124,0,0,1,51.29984,16.89231
SH0095,punkt_przyjecia_0095,hala,0224004,357,0,1,1,51.32172,16.87
SH0096,punkt_przyjecia_0096,szkola,0201002,326,1,1,0,51.25428,16.44297
SH0097,punkt_przyjecia_0097,szkola,0228007,466,1,0,0,51.2139,16.75241
SH0098,punkt_przyjecia_0098,szkola,0210005,551,1,1,1,52.19275,16.60163
SH0099,punkt_przyjecia_0099,szkola,0406003,130,0,0,1,53.2135,19.2414
SH0100,punkt_przyjecia_0100,osrodek,0404005,272,1,0,1,53.2855,17.38822
SH0101,punkt_przyjecia_0101,hala,0203006,602,0,1,1,51.26973,17.4198
SH0102,punkt_przyjecia_0102,internat,0212003,67,1,0,0,50.70905,16.49419
SH0103,punkt_przyjecia_0103,hala,0210001,395,1,0,1,52.10407,16.65335
SH0104,punkt_przyjecia_0104,internat,0229003,116,1,0,1,50.65807,16.23514
SH0105,punkt_przyjecia_0105,internat,0211002,296,1,0,1,51.78439,17.55048
SH0106,punkt_przyjecia_0106,internat,0402004,67,1,1,1,53.31338,16.87527
SH0107,punkt_przyjecia_0107,szkola,0209001,89,1,1,0,50.90785,16.82271
SH0108,punkt_przyjecia_0108,internat,0204005,474,1,0,1,51.62504,16.14876
SH0109,punkt_przyjecia_0109,internat,0215002,591,1,0,0,50.86854,17.16016
SH0110,punkt_przyjecia_0110,internat,0217003,221,1,1,1,51.2862,16.5075
SH0111,punkt_przyjecia_0111,szkola,0404006,181,1,0,1,53.2617,17.18877
SH0112,punkt_przyjecia_0112,szkola,0227006,555,0,0,1,51.39629,16.58908
SH0113,punkt_przyjecia_0113,internat,0203003,244,1,1,1,51.44646,17.55865
SH0114,punkt_przyjecia_0114,osrodek,0229004,306,1,0,1,50.80384,16.17082
SH0115,punkt_przyjecia_0115,szkola,0402002,95,1,0,1,53.14869,17.10396
SH0116,punkt_przyjecia_0116,hala,0211003,636,0,1,1,51.53298,17.22989
SH0117,punkt_przyjecia_0117,internat,0209001,546,1,1,0,50.88704,16.8009
SH0118,punkt_przyjecia_0118,internat,0206004,446,1,0,0,50.38921,16.22319
SH0119,punkt_przyjecia_0119,osrodek,0208005,616,1,1,1,51.79658,16.20943
SH0120,punkt_przyjecia_0120,hala,0219001,390,1,1,0,50.91866,17.4885
SH0121,punkt_przyjecia_0121,szkola,0405001,198,1,1,1,52.96863,18.66555
SH0122,punkt_przyjecia_0122,szkola,0218005,301,0,1,1,51.42379,17.34358
SH0123,punkt_przyjecia_0123,szkola,0202006,613,1,0,1,50.71928,17.54774
SH0124,punkt_przyjecia_0124,szkola,0409001,410,0,1,0,53.15449,18.46248
SH0125,punkt_przyjecia_0125,hala,0407002,113,1,1,1,52.74471,16.57274
SH0126,punkt_przyjecia_0126,internat,0208001,386,1,1,1,51.67651,16.15662
SH0127,punkt_przyjecia_0127,internat,0220002,448,1,0,1,51.54939,16.59624
SH0128,punkt_przyjecia_0128,internat,0210001,527,0,0,1,52.14768,16.63369
SH0129,punkt_przyjecia_0129,szkola,0406003,75,1,0,0,53.2071,19.25884
SH0130,punkt_przyjecia_0130,internat,0208001,282,1,1,0,51.69072,16.13579
SH0131,punkt_przyjecia_0131,internat,0201001,516,0,1,1,50.98051,16.28098
SH0132,punkt_przyjecia_0132,internat,0211007,430,0,1,1,51.75615,17.27498
SH0133,punkt_przyjecia_0133,internat,0212005,370,1,0,1,50.6534,16.33517
SH0134,punkt_przyjecia_0134,internat,0228004,230,0,1,1,51.42035,16.68257
SH0135,punkt_przyjecia_0135,hala,0207003,395,1,1,1,51.19727,16.52332
SH0136,punkt_przyjecia_0136,hala,0213001,196,1,0,1,51.43231,17.02958
SH0137,punkt_przyjecia_0137,szkola,0408007,156,1,0,1,53.28265,17.50106
SH0138,punkt_przyjecia_0138,szkola,0224002,621,0,1,0,51.45978,16.76713
SH0139,punkt_przyjecia_0139,osrodek,0230003,501,1,0,0,50.80522,16.34551
SH0140,punkt_przyjecia_0140,szkola,0203002,145,0,0,1,51.44174,17.6008
SH0141,punkt_przyjecia_0141,internat,0224003,211,1,1,1,51.51051,16.92746
SH0142,punkt_przyjecia_0142,hala,0220006,258,1,1,1,51.74325,16.36789
SH0143,punkt_przyjecia_0143,szkola,0203002,419,1,1,0,51.36393,17.53453
SH0144,punkt_przyjecia_0144,hala,0404002,623,0,0,1,53.30111,17.44262
SH0145,punkt_przyjecia_0145,szkola,0203005,571,1,1,1,51.18244,17.37712
SH0146,punkt_przyjecia_0146,hala,0227006,358,1,0,0,51.36368,16.63816
SH0147,punkt_przyjecia_0147,szkola,0217001,296,0,1,1,51.24384,16.54468
SH0148,punkt_przyjecia_0148,hala,0408001,372,1,0,1,53.37161,17.2419
SH0149,punkt_przyjecia_0149,szkola,0224002,560,1,0,1,51.48425,16.7764
SH0150,punkt_przyjecia_0150,szkola,0225006,247,1,1,1,52.08287,18.01068
SH0151,punkt_przyjecia_0151,osrodek,0217005,515,0,0,1,51.00899,16.59967
SH0152,punkt_przyjecia_0152,osrodek,0407004,630,1,0,0,52.6766,16.83805
SH0153,punkt_przyjecia_0153,osrodek,0209005,191,1,0,0,50.70191,16.62775
SH0154,punkt_przyjecia_0154,osrodek,0211001,286,0,1,1,51.5924,17.08863
SH0155,punkt_przyjecia_0155,hala,0216005,464,1,0,0,51.26916,17.32775
SH0156,punkt_przyjecia_0156,osrodek,0227005,210,1,0,1,51.61625,16.9323
SH0157,punkt_przyjecia_0157,osrodek,0218009,302,0,0,0,51.81632,17.09882
SH0158,punkt_przyjecia_0158,szkola,0407002,166,0,1,0,52.73734,16.58841
SH0159,punkt_przyjecia_0159,internat,0201003,68,1,1,0,51.15636,16.60398
SH0160,punkt_przyjecia_0160,szkola,0225007,237,1,1,0,51.94808,18.14741
SH0161,punkt_przyjecia_0161,hala,0203006,250,0,0,1,51.31029,17.3892
SH0162,punkt_przyjecia_0162,osrodek,0221001,283,1,1,0,51.00032,17.48338
SH0163,punkt_przyjecia_0163,osrodek,0206002,224,1,1,1,50.68541,16.25763
SH0164,punkt_przyjecia_0164,szkola,0405003,417,0,0,1,52.98087,18.40814
SH0165,punkt_przyjecia_0165,hala,0405003,641,1,1,0,52.94011,18.42244
SH0166,punkt_przyjecia_0166,osrodek,0215006,242,0,0,1,50.91284,17.37006
SH0167,punkt_przyjecia_0167,internat,0207004,570,1,0,1,51.2361,16.91369
SH0168,punkt_przyjecia_0168,osrodek,0403004,121,1,0,1,52.55763,19.07963
SH0169,punkt_przyjecia_0169,szkola,0225004,527,0,0,0,51.70011,18.02332
SH0170,punkt_przyjecia_0170,osrodek,0227004,142,0,0,0,50.88632,16.75073
SH0171,punkt_przyjecia_0171,hala,0613003,307,0,1,1,50.99444,21.69332
SH0172,punkt_przyjecia_0172,szkola,1428002,278,0,0,0,51.87652,21.18334
SH0173,punkt_przyjecia_0173,hala,0615005,175,1,1,1,50.20733,22.8911
SH0174,punkt_przyjecia_0174,osrodek,1433003,458,0,0,0,51.84819,21.65258
SH0175,punkt_przyjecia_0175,osrodek,1217002,271,1,1,0,49.71276,20.46771
SH0176,punkt_przyjecia_0176,osrodek,1213003,82,1,0,1,49.94958,20.4159
SH0177,punkt_przyjecia_0177,internat,2816001,523,1,0,1,54.31571,20.08205
SH0178,punkt_przyjecia_0178,szkola,1420002,527,1,0,1,52.24978,21.31111
SH0179,punkt_przyjecia_0179,internat,0605006,381,0,0,0,51.86591,22.8688
SH0180,punkt_przyjecia_0180,szkola,1435007,598,0,0,1,52.44833,21.08709
SH0181,punkt_przyjecia_0181,osrodek,0203002,411,1,1,1,51.41593,17.55405
SH0182,punkt_przyjecia_0182,osrodek,0807001,218,1,1,1,52.12563,15.30389
SH0183,punkt_przyjecia_0183,internat,1012004,631,1,1,0,51.26048,18.92255
SH0184,punkt_przyjecia_0184,internat,3024004,396,0,1,0,51.02321,17.20118
SH0185,punkt_przyjecia_0185,szkola,3030006,625,0,1,1,52.42313,17.97773
SH0186,punkt_przyjecia_0186,szkola,0619002,387,1,1,1,50.63759,22.72488
SH0187,punkt_przyjecia_0187,szkola,1004004,499,1,0,0,51.69567,19.29069
SH0188,punkt_przyjecia_0188,hala,2016001,292,1,0,1,53.84854,23.32426
SH0189,punkt_przyjecia_0189,hala,2417005,521,1,1,1,50.52496,18.93569
SH0190,punkt_przyjecia_0190,osrodek,0227005,268,1,1,1,51.60791,16.93172
SH0191,punkt_przyjecia_0191,szkola,2013002,244,1,1,1,53.64699,22.9865
SH0192,punkt_przyjecia_0192,hala,2008003,88,1,0,1,52.8458,24.91395
SH0193,punkt_przyjecia_0193,szkola,1418005,485,0,1,1,52.47317,21.99404
SH0194,punkt_przyjecia_0194,internat,2005004,225,0,1,0,52.80233,23.02424
SH0195,punkt_przyjecia_0195,hala,1008001,491,1,1,1,51.29112,18.9545
SH0196,punkt_przyjecia_0196,hala,1013002,512,1,0,0,51.42828,19.68885
SH0197,punkt_przyjecia_0197,szkola,2406003,530,1,0,1,50.79847,18.54965
SH0198,punkt_przyjecia_0198,osrodek,1023002,249,0,0,1,51.47219,19.14209
SH0199,punkt_przyjecia_0199,hala,2406001,182,1,0,1,50.5145,18.94431
SH0200,punkt_przyjecia_0200,hala,1429006,510,1,0,1,52.13521,21.60409
SH0201,punkt_przyjecia_0201,internat,0616002,384,1,1,0,51.49548,22.27325
SH0202,punkt_przyjecia_0202,internat,0225006,223,1,0,1,52.08615,18.01187
SH0203,punkt_przyjecia_0203,hala,1402002,613,1,1,0,52.16905,20.06174
SH0204,punkt_przyjecia_0204,osrodek,2436006,475,0,0,0,50.32651,18.64459
SH0205,punkt_przyjecia_0205,hala,1611001,503,0,0,0,50.56715,18.27434
SH0206,punkt_przyjecia_0206,szkola,1402004,471,1,0,1,52.37773,20.03996
SH0207,punkt_przyjecia_0207,internat,1206007,263,0,0,1,50.07897,20.32659
SH0208,punkt_przyjecia_0208,osrodek,1814004,522,0,0,0,49.57441,22.41498
SH0209,punkt_przyjecia_0209,osrodek,0414004,314,1,1,0,52.23027,18.25818
SH0210,punkt_przyjecia_0210,internat,2003005,424,1,1,1,53.61714,23.58903
SH0211,punkt_przyjecia_0211,osrodek,3014006,337,0,0,1,52.71385,17.08873
SH0212,punkt_przyjecia_0212,szkola,0218005,615,0,0,1,51.44331,17.34122
SH0213,punkt_przyjecia_0213,hala,1426002,188,1,1,1,52.70674,20.49768
SH0214,punkt_przyjecia_0214,osrodek,3209002,287,0,0,1,53.39359,15.61318
SH0215,punkt_przyjecia_0215,szkola,0225004,324,1,0,1,51.66729,17.99296
SH0216,punkt_przyjecia_0216,internat,3219004,436,0,0,1,53.01718,14.63572
SH0217,punkt_przyjecia_0217,osrodek,1824007,424,0,0,1,50.04557,22.64047
SH0218,punkt_przyjecia_0218,szkola,2421004,340,1,1,0,50.85599,18.36711
SH0219,punkt_przyjecia_0219,hala,2209006,570,0,1,1,54.63923,18.47952
SH0220,punkt_przyjecia_0220,szkola,1422005,565,1,1,1,52.43944,21.18712
SH0221,punkt_przyjecia_0221,szkola,2421003,396,1,0,1,50.50857,18.54414
SH0222,punkt_przyjecia_0222,hala,3004001,549,1,0,1,51.91457,17.50453
SH0223,punkt_przyjecia_0223,internat,2012005,143,1,1,1,53.43813,23.87161
SH0224,punkt_przyjecia_0224,osrodek,0414006,351,0,1,0,52.06808,18.74551
SH0225,punkt_przyjecia_0225,szkola,1804007,77,0,0,1,50.15075,22.54113
SH0226,punkt_przyjecia_0226,osrodek,1607008,187,1,1,1,51.0216,16.87528
SH0227,punkt_przyjecia_0227,osrodek,2404004,634,0,1,1,50.48994,18.51165
SH0228,punkt_przyjecia_0228,osrodek,2220005,178,1,1,0,54.84159,17.66872
SH0229,punkt_przyjecia_0229,hala,3026004,369,1,0,1,52.25902,16.77934
SH0230,punkt_przyjecia_0230,internat,1206001,386,1,0,0,50.06119,20.17023
SH0231,punkt_przyjecia_0231,hala,2205004,591,1,1,1,54.46244,19.30196
SH0232,punkt_przyjecia_0232,osrodek,3201002,112,1,0,0,53.37961,14.24671
SH0233,punkt_przyjecia_0233,szkola,2403002,301,1,1,1,50.2304,18.26832
SH0234,punkt_przyjecia_0234,osrodek,1609007,173,1,1,1,51.07745,17.6604
SH0235,punkt_przyjecia_0235,internat,1216008,79,0,1,1,49.42246,19.87823
SH0236,punkt_przyjecia_0236,osrodek,3208005,143,0,0,1,52.74521,13.74195
SH0237,punkt_przyjecia_0237,internat,2604003,264,0,1,1,50.30226,20.98756
SH0238,punkt_przyjecia_0238,hala,2425001,528,1,0,0,50.50785,19.14155
SH0239,punkt_przyjecia_0239,internat,2820001,335,0,1,1,52.75999,20.30703
SH0240,punkt_przyjecia_0240,szkola,1017005,80,0,0,0,51.2839,19.68427
SH0241,punkt_przyjecia_0241,osrodek,1440005,379,1,1,1,52.34899,20.81294
SH0242,punkt_przyjecia_0242,hala,0606003,160,1,1,1,51.19185,22.44644
SH0243,punkt_przyjecia_0243,hala,1802004,343,1,0,1,49.96847,21.6636
SH0244,punkt_przyjecia_0244,hala,1210003,527,1,1,0,50.42203,19.91056
SH0245,punkt_przyjecia_0245,szkola,0216004,339,1,1,1,51.14147,16.75222
SH0246,punkt_przyjecia_0246,internat,1415004,144,1,0,1,52.40523,21.90392
SH0247,punkt_przyjecia_0247,internat,0416003,567,0,1,1,53.56527,17.87311
SH0248,punkt_przyjecia_0248,hala,2407005,302,1,1,1,49.69566,19.13223
SH0249,punkt_przyjecia_0249,internat,2209001,470,1,0,1,54.70577,18.54942
SH0250,punkt_przyjecia_0250,hala,2218007,332,1,0,0,54.29444,17.04463
SH0251,punkt_przyjecia_0251,szkola,1003006,200,1,1,1,51.24774,20.59587
SH0252,punkt_przyjecia_0252,internat,0615003,155,0,0,1,50.37297,22.96366
SH0253,punkt_przyjecia_0253,hala,1222001,123,1,0,1,50.6722,20.19546
SH0254,punkt_przyjecia_0254,internat,3002008,485,0,1,0,52.3615,16.55804
SH0255,punkt_przyjecia_0255,hala,0402003,238,1,0,1,53.31397,17.09957
SH0256,punkt_przyjecia_0256,internat,0624007,327,0,0,1,51.21863,22.50925
SH0257,punkt_przyjecia_0257,internat,0809001,311,1,1,1,54.0432,14.22988
SH0258,punkt_przyjecia_0258,osrodek,3011005,129,1,0,1,52.4384,16.62383
SH0259,punkt_przyjecia_0259,internat,2425002,232,0,0,1,50.42589,18.98088
SH0260,punkt_przyjecia_0260,internat,3022001,499,1,0,1,52.66826,16.75275
SH0261,punkt_przyjecia_0261,internat,1011001,323,0,1,1,51.62233,18.62753
SH0262,punkt_przyjecia_0262,osrodek,2430002,314,0,1,1,50.42571,18.77014
SH0263,punkt_przyjecia_0263,osrodek,1417001,124,0,1,1,52.57618,20.29819
SH0264,punkt_przyjecia_0264,internat,3005002,284,1,1,1,52.8325,16.48142
SH0265,punkt_przyjecia_0265,osrodek,1412002,88,0,1,1,52.41598,21.31892
SH0266,punkt_przyjecia_0266,szkola,2423005,204,1,1,1,50.20515,19.5267
SH0267,punkt_przyjecia_0267,hala,1441005,240,1,0,0,52.41114,22.21271
SH0268,punkt_przyjecia_0268,osrodek,1432007,341,1,1,1,52.86198,20.92915
SH0269,punkt_przyjecia_0269,szkola,1809001,337,1,1,1,49.37772,22.96003
SH0270,punkt_przyjecia_0270,hala,0812001,179,1,0,1,52.55849,14.29213
SH0271,punkt_przyjecia_0271,internat,1407003,591,1,0,1,52.06998,20.73062
SH0272,punkt_przyjecia_0272,hala,1006007,348,1,0,1,51.89287,18.76066
SH0273,punkt_przyjecia_0273,internat,0411004,595,1,0,1,52.88095,17.11602
SH0274,punkt_przyjecia_0274,osrodek,2404001,639,1,1,1,50.6333,18.40401
SH0275,punkt_przyjecia_0275,internat,3019001,606,0,1,1,52.74736,16.49871
SH0276,punkt_przyjecia_0276,szkola,2408005,612,1,1,0,50.19124,18.49082
SH0277,punkt_przyjecia_0277,internat,1215004,299,0,1,1,49.88673,20.67518
SH0278,punkt_przyjecia_0278,szkola,2212005,572,0,1,0,54.5191,18.90908
SH0279,punkt_przyjecia_0279,internat,3205006,277,1,0,1,54.16267,15.10351
SH0280,punkt_przyjecia_0280,szkola,2611003,122,1,0,1,50.77948,21.76713
SH0281,punkt_przyjecia_0281,osrodek,2004002,209,1,0,1,53.28665,23.13926
SH0282,punkt_przyjecia_0282,internat,2213001,254,1,0,1,53.86138,18.64556
SH0283,punkt_przyjecia_0283,hala,3016002,460,1,1,0,52.22747,16.95076
SH0284,punkt_przyjecia_0284,hala,2804005,281,1,0,1,54.26473,20.37385
SH0285,punkt_przyjecia_0285,internat,1433005,447,0,0,1,51.93012,21.49623
SH0286,punkt_przyjecia_0286,szkola,2803001,68,1,1,1,54.40944,20.39143
SH0287,punkt_przyjecia_0287,osrodek,2212002,400,1,0,1,54.43856,19.1729
SH0288,punkt_przyjecia_0288,hala,2402001,520,1,1,0,49.62369,18.4933
SH0289,punkt_przyjecia_0289,hala,2605004,639,1,0,1,51.3184,19.20305
SH0290,punkt_przyjecia_0290,szkola,3013004,300,1,1,1,53.22566,17.51292
SH0291,punkt_przyjecia_0291,szkola,2215004,541,1,1,0,53.99036,18.90621
SH0292,punkt_przyjecia_0292,internat,0423004,146,0,0,1,52.75342,18.2099
SH0293,punkt_przyjecia_0293,internat,0810003,257,1,0,1,52.94488,15.30027
SH0294,punkt_przyjecia_0294,szkola,1024006,636,1,1,1,51.7508,19.26578
SH0295,punkt_przyjecia_0295,internat,1425004,67,1,1,1,52.26947,20.58557
SH0296,punkt_przyjecia_0296,hala,1813006,170,1,0,1,50.77938,21.70359
SH0297,punkt_przyjecia_0297,osrodek,2433001,452,1,0,1,50.41604,18.45066
SH0298,punkt_przyjecia_0298,internat,1819007,473,0,1,1,50.20359,21.88771
SH0299,punkt_przyjecia_0299,internat,1436006,270,1,0,1,51.82938,21.17991
SH0300,punkt_przyjecia_0300,szkola,1421002,261,0,1,1,51.95075,21.11913
SH0301,punkt_przyjecia_0301,szkola,2607004,395,1,1,1,50.64293,21.60095
SH0302,punkt_przyjecia_0302,szkola,3017001,442,1,1,0,52.54629,17.74218
SH0303,punkt_przyjecia_0303,hala,2002006,328,0,1,1,53.25144,23.21524
SH0304,punkt_przyjecia_0304,szkola,0414001,347,0,0,1,51.89029,18.12278
SH0305,punkt_przyjecia_0305,hala,0220005,479,1,0,1,51.84685,16.41168
SH0306,punkt_przyjecia_0306,szkola,1210004,99,0,0,1,50.26586,19.86357
SH0307,punkt_przyjecia_0307,hala,1006006,141,0,0,0,51.67468,18.84861
SH0308,punkt_przyjecia_0308,internat,0804001,647,1,1,0,53.10835,15.33386
SH0309,punkt_przyjecia_0309,hala,0620003,178,0,0,1,51.47237,22.56778
SH0310,punkt_przyjecia_0310,osrodek,2604003,584,0,1,1,50.28192,20.95724
SH0311,punkt_przyjecia_0311,hala,2015006,505,1,1,0,53.2207,22.55479
SH0312,punkt_przyjecia_0312,hala,0620004,138,1,0,1,51.36457,22.56436
SH0313,punkt_przyjecia_0313,szkola,1803002,624,0,0,0,49.85975,21.85885
SH0314,punkt_przyjecia_0314,szkola,3207007,304,1,1,1,53.47984,14.06663
SH0315,punkt_przyjecia_0315,internat,1803005,185,1,1,0,49.96882,21.8425
SH0316,punkt_przyjecia_0316,hala,2217002,154,1,0,1,54.81422,18.26392
SH0317,punkt_przyjecia_0317,hala,0418006,408,1,0,1,53.963,17.35428
SH0318,punkt_przyjecia_0318,osrodek,0612002,557,0,0,0,51.50142,22.7561
SH0319,punkt_przyjecia_0319,szkola,3221006,430,0,1,0,53.28116,14.57351
SH0320,punkt_przyjecia_0320,szkola,3034003,353,1,1,1,52.98329,16.8569
SH0321,punkt_przyjecia_0321,internat,1825006,627,1,0,1,49.63396,22.72194
SH0322,punkt_przyjecia_0322,szkola,2016006,349,1,0,1,53.5559,23.45257
SH0323,punkt_przyjecia_0323,osrodek,2816003,369,0,1,0,54.35416,19.51765
SH0324,punkt_przyjecia_0324,internat,0209004,442,0,0,1,50.99415,16.80919
SH0325,punkt_przyjecia_0325,szkola,2806001,146,1,0,0,53.82066,20.77214
SH0326,punkt_przyjecia_0326,osrodek,2419008,646,0,1,0,50.93842,19.38389
SH0327,punkt_przyjecia_0327,hala,2436004,388,1,0,1,50.56134,18.44999
SH0328,punkt_przyjecia_0328,hala,2420008,415,1,0,0,50.08173,20.45015
SH0329,punkt_przyjecia_0329,osrodek,3005004,145,0,1,1,53.254,16.56272
SH0330,punkt_przyjecia_0330,internat,3016002,177,1,0,1,52.23682,16.95365
SH0331,punkt_przyjecia_0331,internat,2604003,371,1,0,1,50.28873,21.01521
SH0332,punkt_przyjecia_0332,osrodek,3216004,464,1,0,0,53.39602,14.62213
SH0333,punkt_przyjecia_0333,hala,1810007,489,0,1,1,49.99019,21.62412
SH0334,punkt_przyjecia_0334,osrodek,0602002,178,1,1,1,51.78094,22.78206
SH0335,punkt_przyjecia_0335,hala,2430005,276,1,0,0,50.31237,18.91844
SH0336,punkt_przyjecia_0336,internat,2604002,79,1,1,1,50.81564,21.05522
SH0337,punkt_przyjecia_0337,szkola,1819002,159,0,0,1,50.31913,22.00059
SH0338,punkt_przyjecia_0338,osrodek,2808002,501,0,0,1,54.2262,20.746
SH0339,punkt_przyjecia_0339,internat,1024006,631,0,1,0,51.72611,19.31411
SH0340,punkt_przyjecia_0340,osrodek,1218002,588,1,0,1,50.21374,20.00969
SH0341,punkt_przyjecia_0341,osrodek,1424005,569,1,1,0,51.93997,21.19205
SH0342,punkt_przyjecia_0342,osrodek,1437005,330,1,0,1,52.21075,20.88841
SH0343,punkt_przyjecia_0343,szkola,3027004,88,1,0,1,51.71842,16.48777
SH0344,punkt_przyjecia_0344,hala,3002003,535,0,1,1,52.37051,16.77263
SH0345,punkt_przyjecia_0345,hala,0601004,573,0,1,1,51.45358,21.40195
SH0346,punkt_przyjecia_0346,internat,2403003,379,0,1,0,50.26197,18.75171
SH0347,punkt_przyjecia_0347,hala,3027002,398,1,1,0,52.18691,16.45092
SH0348,punkt_przyjecia_0348,internat,2610008,89,1,0,1,51.66334,21.16444
SH0349,punkt_przyjecia_0349,szkola,2428005,169,1,0,0,49.42902,19.23927
SH0350,punkt_przyjecia_0350,osrodek,0606002,188,0,0,0,51.67201,22.54758
SH0351,punkt_przyjecia_0351,internat,1401004,636,1,1,1,51.89288,21.04832
SH0352,punkt_przyjecia_0352,osrodek,1414004,316,0,0,0,52.2604,20.16102
SH0353,punkt_przyjecia_0353,osrodek,3209006,531,0,1,1,53.44291,15.51399
SH0354,punkt_przyjecia_0354,osrodek,2609004,241,1,0,0,50.8147,20.55346
SH0355,punkt_przyjecia_0355,osrodek,2414007,417,0,0,1,51.04905,19.02204
SH0356,punkt_przyjecia_0356,internat,2004003,435,0,0,1,53.13036,23.59444
SH0357,punkt_przyjecia_0357,osrodek,1432004,407,1,1,1,52.65043,20.56839
SH0358,punkt_przyjecia_0358,hala,1420003,203,1,1,0,52.06946,21.31697
SH0359,punkt_przyjecia_0359,hala,0624004,452,0,0,1,51.24502,22.47041
SH0360,punkt_przyjecia_0360,szkola,1806001,567,0,1,0,50.34875,21.72328
SH0361,punkt_przyjecia_0361,hala,3014004,105,1,0,0,52.61,17.00124
SH0362,punkt_przyjecia_0362,hala,1205006,296,1,1,1,49.72956,18.79001
SH0363,punkt_przyjecia_0363,osrodek,2802002,110,0,0,1,53.57417,20.54349
SH0364,punkt_przyjecia_0364,osrodek,3214005,299,1,1,0,53.82817,13.51785
SH0365,punkt_przyjecia_0365,hala,0611001,166,0,0,0,50.70977,20.70978
SH0366,punkt_przyjecia_0366,hala,1605006,551,0,0,0,50.70246,17.31353
SH0367,punkt_przyjecia_0367,hala,2010003,131,0,0,1,53.62324,23.06312
SH0368,punkt_przyjecia_0368,szkola,1609001,164,1,0,1,51.37028,18.03337
SH0369,punkt_przyjecia_0369,hala,3013004,466,1,1,1,53.19089,17.52653
SH0370,punkt_przyjecia_0370,szkola,1434006,444,1,0,0,52.40527,21.27861
SH0371,punkt_przyjecia_0371,osrodek,0405001,92,1,1,1,52.96511,18.63993
SH0372,punkt_przyjecia_0372,internat,0804001,166,0,1,1,53.15774,15.36124
SH0373,punkt_przyjecia_0373,szkola,0612005,287,1,0,1,51.72356,22.82785
SH0374,punkt_przyjecia_0374,osrodek,3204003,304,0,0,1,53.52191,14.33995
SH0375,punkt_przyjecia_0375,internat,2606007,65,0,0,1,50.94328,20.98049
SH0376,punkt_przyjecia_0376,osrodek,2424001,640,1,0,0,49.96792,19.37691
SH0377,punkt_przyjecia_0377,szkola,1201008,552,1,0,0,50.34153,20.91832
SH0378,punkt_przyjecia_0378,internat,1421003,204,1,0,0,52.01441,21.07913
SH0379,punkt_przyjecia_0379,szkola,0620002,421,1,0,1,51.30328,22.44263
SH0380,punkt_przyjecia_0380,internat,2219003,255,1,0,1,54.34846,18.07979
SH0381,punkt_przyjecia_0381,szkola,0417004,158,1,1,1,53.16441,18.58909
SH0382,punkt_przyjecia_0382,hala,1006003,615,0,1,1,51.6912,18.79654
SH0383,punkt_przyjecia_0383,osrodek,3032001,200,1,1,0,52.24586,16.97511
SH0384,punkt_przyjecia_0384,hala,0601002,504,0,1,1,51.63376,21.60607
SH0385,punkt_przyjecia_0385,internat,0622006,357,1,1,1,51.71067,22.54948
SH0386,punkt_przyjecia_0386,hala,3219002,411,1,1,1,52.89678,14.64258
SH0387,punkt_przyjecia_0387,internat,3006001,480,0,1,0,52.03361,17.38504
SH0388,punkt_przyjecia_0388,internat,2430004,195,0,0,1,50.44366,18.8367
SH0389,punkt_przyjecia_0389,internat,1606004,209,1,0,1,50.12263,18.50274
SH0390,punkt_przyjecia_0390,szkola,1611001,118,1,1,0,50.58951,18.28207
SH0391,punkt_przyjecia_0391,hala,0610001,116,0,1,1,50.80951,23.45329
SH0392,punkt_przyjecia_0392,osrodek,1217004,126,0,0,1,49.64029,20.42866
SH0393,punkt_przyjecia_0393,hala,0421006,231,0,1,1,53.16093,17.02744
SH0394,punkt_przyjecia_0394,hala,1412005,502,0,1,1,52.36872,21.18016
SH0395,punkt_przyjecia_0395,szkola,3024005,543,1,0,1,51.24474,16.77756
SH0396,punkt_przyjecia_0396,szkola,1009004,184,1,0,1,51.77859,18.43096
SH0397,punkt_przyjecia_0397,internat,2404005,139,1,0,0,50.41894,18.5495
SH0398,punkt_przyjecia_0398,internat,3217004,526,1,1,0,53.63813,14.48194
SH0399,punkt_przyjecia_0399,szkola,1602004,165,1,0,1,51.38755,17.79465
SH0400,punkt_przyjecia_0400,osrodek,1407004,526,0,0,1,51.91858,20.73414
